1,Stoddard,Fattori,sfattori0@gmpg.org,Female,37.64.204.246
2,Jerrilyn,McClunaghan,jmcclunaghan1@chicagotribune.com,Female,202.251.129.84
3,Cheryl,De la Yglesia,cdelayglesia2@usa.gov,Female,253.0.72.221
4,Felice,Santarelli,fsantarelli3@github.com,Female,34.5.191.61
5,Benjamen,Scrange,bscrange4@pinterest.com,Male,102.17.114.135
6,Coleman,Gillyatt,cgillyatt5@accuweather.com,Male,19.161.59.79
7,Stanford,Mitie,smitie6@360.cn,Male,18.253.157.255
8,Dallas,Waldock,dwaldock7@va.gov,Female,128.90.21.232
9,Royall,Di Maggio,rdimaggio8@eepurl.com,Male,228.105.238.86
10,Raddy,Binch,rbinch9@uiuc.edu,Male,53.55.233.108
11,Ad,Rumsby,arumsbya@ebay.co.uk,Male,7.141.220.145
12,Erie,Beckson,ebecksonb@ox.ac.uk,Male,225.172.156.133
13,Blanche,Priddle,bpriddlec@cbc.ca,Female,141.164.144.253
14,Lena,O'Sesnane,losesnaned@hp.com,Female,190.88.208.197
15,Jedd,Tesche,jteschee@infoseek.co.jp,Male,145.58.75.82
16,Liesa,Quinney,lquinneyf@ebay.co.uk,Female,234.190.208.96
17,Sean,Marzelli,smarzellig@flickr.com,Female,217.77.18.24
18,Laurie,Condell,lcondellh@blogtalkradio.com,Female,61.212.24.145
19,Normie,Stanning,nstanningi@yahoo.com,Male,130.152.231.191
20,Alister,Heugle,aheuglej@bbb.org,Male,67.98.6.128
21,Shawnee,Franzman,sfranzmank@dagondesign.com,Female,72.235.10.237
22,Logan,Maclean,lmacleanl@youtube.com,Male,14.134.208.159
23,Ingeberg,Sandaver,isandaverm@ning.com,Female,45.183.93.75
24,Connor,Reddan,creddann@wunderground.com,Male,210.87.15.185
25,Bing,de Chastelain,bdechastelaino@auda.org.au,Male,112.13.245.239
26,Boyce,St. Queintain,bstqueintainp@a8.net,Male,114.143.6.237
27,Vivianne,Chumley,vchumleyq@answers.com,Female,57.150.98.189
28,Adam,Streatley,astreatleyr@omniture.com,Male,144.247.126.50
29,Freddy,Clerke,fclerkes@marketwatch.com,Male,243.163.90.97
30,Kimball,Gadney,kgadneyt@bigcartel.com,Male,193.10.13.120
31,Blanch,Lilleycrop,blilleycropu@1und1.de,Female,37.237.150.208
32,Jennifer,Duffil,jduffilv@blogspot.com,Female,171.162.146.82
33,Andrew,Springham,aspringhamw@4shared.com,Male,209.142.241.11
34,Garald,Silwood,gsilwoodx@last.fm,Male,241.112.167.53
35,Byram,Denzilow,bdenzilowy@washington.edu,Male,24.41.180.210
36,Shoshana,Kaman,skamanz@vk.com,Female,158.218.197.46
37,Tania,Firpo,tfirpo10@altervista.org,Female,172.162.67.212
38,Mireille,MacKimm,mmackimm11@prweb.com,Female,129.1.216.222
39,Lauren,McDermott,lmcdermott12@godaddy.com,Male,61.66.91.135
40,Nettle,Necolds,nnecolds13@joomla.org,Female,83.69.35.205
41,Diego,Snedden,dsnedden14@buzzfeed.com,Male,254.224.51.188
42,Wren,Caukill,wcaukill15@creativecommons.org,Female,153.21.221.206
43,Maia,Colbertson,mcolbertson16@nationalgeographic.com,Female,156.45.141.154
44,Gabriellia,Hardin,ghardin17@taobao.com,Female,16.246.35.224
45,Enoch,Leatherbarrow,eleatherbarrow18@soup.io,Male,246.80.14.158
46,Lethia,Langton,llangton19@bandcamp.com,Female,254.113.137.103
47,Irving,Tidbury,itidbury1a@jalbum.net,Male,253.24.56.80
48,Vasily,Temple,vtemple1b@is.gd,Male,184.170.55.137
49,Sasha,Pidduck,spidduck1c@jalbum.net,Male,81.159.228.102
50,Patty,Klimek,pklimek1d@europa.eu,Male,212.180.238.162
51,Ernestus,Creevy,ecreevy1e@edublogs.org,Male,21.247.223.95
52,Preston,Vela,pvela1f@unesco.org,Male,222.213.91.95
53,Cosette,Dossett,cdossett1g@technorati.com,Female,226.37.151.100
54,Marylinda,Thurbon,mthurbon1h@imgur.com,Female,32.196.52.121
55,Godart,Leydon,gleydon1i@soundcloud.com,Male,157.144.54.52
56,Bernadine,Gribbon,bgribbon1j@posterous.com,Female,99.142.102.28
57,Basia,Dallaway,bdallaway1k@networkadvertising.org,Female,10.128.238.0
58,Frederico,Haddleton,fhaddleton1l@chron.com,Male,94.98.99.117
59,Smith,Le-Good,slegood1m@wisc.edu,Male,181.246.29.31
60,Leonard,Disbrow,ldisbrow1n@opera.com,Male,157.130.105.206
61,Calvin,Birkmyre,cbirkmyre1o@diigo.com,Male,68.167.69.97
62,Wilhelm,Muncer,wmuncer1p@facebook.com,Male,14.97.135.50
63,Joete,Slimme,jslimme1q@mlb.com,Female,144.125.201.156
64,Ross,Ingram,ringram1r@yolasite.com,Male,249.212.77.31
65,Garnet,Giorgiutti,ggiorgiutti1s@com.com,Female,36.110.119.227
66,Erminie,Paddle,epaddle1t@tiny.cc,Female,43.30.86.223
67,Forrest,Kuscha,fkuscha1u@nhs.uk,Male,103.95.252.63
68,Farlay,Conn,fconn1v@usgs.gov,Male,140.2.103.68
69,Duke,Halshaw,dhalshaw1w@nydailynews.com,Male,217.1.58.39
70,Tomas,Saenz,tsaenz1x@blinklist.com,Male,55.203.195.75
71,Missie,Barendtsen,mbarendtsen1y@marketwatch.com,Female,227.140.222.183
72,Kiah,Doe,kdoe1z@digg.com,Female,177.205.135.135
73,Jaimie,Meekings,jmeekings20@ezinearticles.com,Female,215.208.114.246
74,Ky,Walbrook,kwalbrook21@npr.org,Male,107.27.20.62
75,Eleonora,Jurgensen,ejurgensen22@vimeo.com,Female,213.23.0.2
76,Valaria,Beagin,vbeagin23@gov.uk,Female,96.33.203.222
77,Halsey,Beeton,hbeeton24@list-manage.com,Male,94.22.66.69
78,Jeffy,Misselbrook,jmisselbrook25@usgs.gov,Male,255.64.10.123
79,Rab,Mcwhinney,rmcwhinney26@msn.com,Male,235.146.170.83
80,Tildy,Pelos,tpelos27@pen.io,Female,55.59.242.113
81,Sabina,Viall,sviall28@vkontakte.ru,Female,80.91.11.155
82,Mariska,Daborn,mdaborn29@columbia.edu,Female,35.207.218.45
83,Kevon,Larciere,klarciere2a@weather.com,Male,217.66.202.239
84,Clayborn,Ollive,collive2b@dailymail.co.uk,Male,168.200.152.26
85,Julieta,Marchment,jmarchment2c@privacy.gov.au,Female,182.24.252.144
86,Ab,Scanlin,ascanlin2d@yellowbook.com,Male,216.180.250.191
87,Lanae,Baldock,lbaldock2e@java.com,Female,58.211.107.142
88,Chris,Quail,cquail2f@mediafire.com,Female,90.210.86.40
89,Nanny,Aldcorne,naldcorne2g@unc.edu,Female,143.100.54.173
90,Alla,Freddi,afreddi2h@slideshare.net,Female,99.84.82.107
91,Candi,Hawksby,chawksby2i@imdb.com,Female,82.147.123.34
92,Maxie,Smaridge,msmaridge2j@yellowpages.com,Male,143.130.133.71
93,Gretel,Fosh,gfosh2k@ning.com,Female,71.34.38.191
94,Katlin,Champness,kchampness2l@t-online.de,Female,138.76.231.14
95,Dolph,Laydon,dlaydon2m@cbc.ca,Male,25.119.15.11
96,Mischa,Jakoubec,mjakoubec2n@webeden.co.uk,Male,222.94.247.238
97,Krisha,Draysay,kdraysay2o@is.gd,Male,14.127.227.58
98,Carling,Goodbarne,cgoodbarne2p@wunderground.com,Male,195.99.55.178
99,Della,Buckston,dbuckston2q@51.la,Female,216.30.23.73
100,Zachery,Redon,zredon2r@aboutads.info,Male,193.91.155.175
101,Burl,Billyeald,bbillyeald2s@behance.net,Male,51.140.110.174
102,Bill,Valentin,bvalentin2t@netlog.com,Female,247.88.10.3
103,Northrup,Beese,nbeese2u@a8.net,Male,37.183.41.178
104,Care,Whiteway,cwhiteway2v@google.fr,Male,202.85.55.40
105,Mariana,Leupold,mleupold2w@issuu.com,Female,238.236.152.74
106,Joya,Vasyukhichev,jvasyukhichev2x@newyorker.com,Female,118.116.21.4
107,Anthe,Wissbey,awissbey2y@facebook.com,Female,46.75.168.49
108,Walton,Boulds,wboulds2z@wired.com,Male,68.145.48.174
109,Joseito,Paterson,jpaterson30@cdbaby.com,Male,192.130.219.202
110,Lorraine,Carver,lcarver31@earthlink.net,Female,33.23.243.187
111,Petrina,Pirrie,ppirrie32@google.com.hk,Female,193.76.172.10
112,Gibb,Merlin,gmerlin33@stanford.edu,Male,189.154.71.218
113,Markos,Mangan,mmangan34@smh.com.au,Male,122.252.85.30
114,Sharlene,Laterza,slaterza35@google.it,Female,22.30.215.126
115,Lolly,Ivashchenko,livashchenko36@odnoklassniki.ru,Female,230.173.121.124
116,Mag,Bockh,mbockh37@ycombinator.com,Female,219.248.70.241
117,Armand,Drains,adrains38@exblog.jp,Male,135.203.129.188
118,Kevin,Cousins,kcousins39@blinklist.com,Male,53.60.146.173
119,Pace,Druhan,pdruhan3a@wikipedia.org,Male,254.8.137.109
120,Myrtice,Smedley,msmedley3b@gov.uk,Female,114.33.77.121
121,Yuma,Kynder,ykynder3c@google.de,Male,209.160.49.177
122,Jamill,Marsland,jmarsland3d@csmonitor.com,Male,28.212.166.140
123,Pebrook,Ishak,pishak3e@discuz.net,Male,117.165.204.50
124,Lisetta,Shaul,lshaul3f@google.it,Female,138.224.134.120
125,Melantha,Donnelly,mdonnelly3g@qq.com,Female,117.215.152.215
126,Raff,Hast,rhast3h@army.mil,Male,210.132.251.144
127,Meriel,Goldstraw,mgoldstraw3i@sun.com,Female,231.42.86.108
128,Damita,Bourrel,dbourrel3j@cyberchimps.com,Female,23.20.199.172
129,Hyacinthe,Fancet,hfancet3k@weibo.com,Female,13.188.189.107
130,Peggy,Gino,pgino3l@zimbio.com,Female,25.27.56.117
131,Eddie,Barnsdale,ebarnsdale3m@vkontakte.ru,Female,110.137.151.58
132,Lyndel,Crowne,lcrowne3n@japanpost.jp,Female,217.99.184.158
133,Ricoriki,Kingzet,rkingzet3o@bandcamp.com,Male,240.8.134.214
134,Rodge,Whitechurch,rwhitechurch3p@jiathis.com,Male,218.36.9.203
135,Theobald,Trigwell,ttrigwell3q@craigslist.org,Male,34.106.242.59
136,Teodoro,Lively,tlively3r@wikipedia.org,Male,40.13.237.170
137,Zaria,John,zjohn3s@comcast.net,Female,171.228.74.38
138,Isacco,Olekhov,iolekhov3t@cpanel.net,Male,208.59.60.55
139,Carolyne,Osgerby,cosgerby3u@vinaora.com,Female,201.122.186.189
140,Jerrome,Duffyn,jduffyn3v@hud.gov,Male,34.235.170.112
141,Rafaela,Kneaphsey,rkneaphsey3w@fastcompany.com,Female,60.5.212.125
142,Archy,Jallin,ajallin3x@ycombinator.com,Male,45.203.100.166
143,Shelba,Campey,scampey3y@netvibes.com,Female,146.60.2.179
144,Mill,Norrey,mnorrey3z@taobao.com,Male,231.188.40.82
145,Norma,Beddo,nbeddo40@skyrock.com,Female,169.53.104.62
146,Sibelle,Blesli,sblesli41@bloglovin.com,Female,51.175.156.120
147,Ode,Thornbarrow,othornbarrow42@epa.gov,Male,122.124.198.142
148,Puff,Maker,pmaker43@merriam-webster.com,Male,169.92.1.166
149,Arlan,Billington,abillington44@shinystat.com,Male,90.62.156.97
150,Jeanelle,Chaldecott,jchaldecott45@youtu.be,Female,243.180.145.210
151,Ahmad,Loche,aloche46@wunderground.com,Male,64.59.165.184
152,Phip,Adiscot,padiscot47@europa.eu,Male,159.85.244.224
153,Catharina,Nelson,cnelson48@princeton.edu,Female,236.187.103.128
154,Peggie,Leishman,pleishman49@pagesperso-orange.fr,Female,8.245.43.224
155,Reiko,Swinburn,rswinburn4a@redcross.org,Female,241.184.215.148
156,Elva,Dils,edils4b@ebay.com,Female,244.132.184.88
157,Rosie,Kilius,rkilius4c@bandcamp.com,Female,124.227.187.35
158,Inglebert,Rowet,irowet4d@typepad.com,Male,40.224.29.194
159,Ronny,Daglish,rdaglish4e@parallels.com,Male,226.113.224.202
160,Linoel,Vignal,lvignal4f@furl.net,Male,254.128.57.114
161,Merwyn,Mullin,mmullin4g@bloglovin.com,Male,210.238.6.149
162,Esmaria,Cassels,ecassels4h@360.cn,Female,77.56.113.159
163,Kellby,Cuffley,kcuffley4i@nyu.edu,Male,63.175.219.107
164,Leoline,Garnul,lgarnul4j@cocolog-nifty.com,Female,144.24.131.61
165,Claudine,Frawley,cfrawley4k@eventbrite.com,Female,131.42.218.13
166,Iver,Haberfield,ihaberfield4l@columbia.edu,Male,52.177.242.184
167,Becki,Harrison,bharrison4m@chron.com,Female,4.164.55.90
168,Danny,Flaxon,dflaxon4n@hubpages.com,Male,96.106.128.153
169,Patrizio,Kenwell,pkenwell4o@businessinsider.com,Male,115.34.56.244
170,Theda,Kimble,tkimble4p@hatena.ne.jp,Female,82.182.223.165
171,Gabe,Raulston,graulston4q@ustream.tv,Male,221.13.225.254
172,Giselbert,Batie,gbatie4r@ifeng.com,Male,100.235.72.104
173,Tanney,Sawford,tsawford4s@jugem.jp,Male,18.223.255.32
174,Roseline,Gemelli,rgemelli4t@gnu.org,Female,35.192.70.61
175,Claudine,Josifovic,cjosifovic4u@surveymonkey.com,Female,183.172.91.155
176,Zacherie,Pettingill,zpettingill4v@nsw.gov.au,Male,139.59.168.50
177,Zelig,Lunn,zlunn4w@google.com.hk,Male,17.31.204.42
178,Victoria,Linwood,vlinwood4x@pinterest.com,Female,205.132.147.255
179,Link,Dicte,ldicte4y@reference.com,Male,248.50.156.188
180,Marven,Cabell,mcabell4z@about.com,Male,103.103.197.124
181,Pancho,Saward,psaward50@blogspot.com,Male,75.61.215.188
182,Tani,Iacobetto,tiacobetto51@instagram.com,Female,145.89.127.158
183,Laurene,Tatlow,ltatlow52@wordpress.com,Female,183.112.121.252
184,Steffie,Britcher,sbritcher53@npr.org,Female,21.155.239.61
185,Kaja,Riseam,kriseam54@studiopress.com,Female,249.50.241.57
186,Patric,Baldung,pbaldung55@naver.com,Male,78.83.75.148
187,Baxter,Sattin,bsattin56@booking.com,Male,210.36.144.161
188,Samara,Gottelier,sgottelier57@goodreads.com,Female,107.229.127.121
189,Nikolaos,Genge,ngenge58@weebly.com,Male,153.247.27.193
190,Bartel,Warrior,bwarrior59@studiopress.com,Male,13.48.186.48
191,Benn,Cathel,bcathel5a@amazon.co.jp,Male,121.10.20.63
192,Austin,Myrie,amyrie5b@intel.com,Male,78.59.12.156
193,Lazare,Arnold,larnold5c@amazon.com,Male,48.12.197.167
194,Elene,Cockerill,ecockerill5d@google.com.hk,Female,46.231.131.243
195,Karlie,Stamps,kstamps5e@state.tx.us,Female,72.9.236.163
196,Denna,Gerren,dgerren5f@springer.com,Female,105.221.112.17
197,Bliss,Flitcroft,bflitcroft5g@feedburner.com,Female,112.180.10.148
198,Ray,Soppett,rsoppett5h@deviantart.com,Male,199.223.44.144
199,Galina,Tidman,gtidman5i@arstechnica.com,Female,123.213.47.194
200,Bevon,Goublier,bgoublier5j@simplemachines.org,Male,16.212.66.149
201,Fanni,Tambling,ftambling5k@smugmug.com,Female,223.40.72.163
202,Gordie,Cyseley,gcyseley5l@mysql.com,Male,38.36.225.157
203,Ashly,Heddy,aheddy5m@mysql.com,Female,186.178.196.253
204,Lind,Culpen,lculpen5n@businessweek.com,Female,144.192.215.10
205,Adria,Chapman,achapman5o@seattletimes.com,Female,154.252.38.148
206,Vinny,Proven,vproven5p@yellowpages.com,Male,29.1.113.231
207,Jay,Morcombe,jmorcombe5q@aboutads.info,Male,90.211.72.202
208,Lavinie,Cesconi,lcesconi5r@fc2.com,Female,108.156.84.20
209,Liv,Stearns,lstearns5s@independent.co.uk,Female,34.152.114.24
210,Dallas,Mains,dmains5t@slate.com,Female,43.71.180.47
211,Ginni,Breckell,gbreckell5u@hugedomains.com,Female,246.5.182.166
212,Luther,Duddle,lduddle5v@harvard.edu,Male,68.150.73.141
213,Sharla,Reddoch,sreddoch5w@wix.com,Female,224.188.27.92
214,Guglielma,Brymham,gbrymham5x@upenn.edu,Female,150.253.65.13
215,Casie,Marsy,cmarsy5y@gmpg.org,Female,219.99.182.0
216,Aime,Snoddon,asnoddon5z@unesco.org,Female,112.188.132.91
217,Cesaro,Huish,chuish60@youtu.be,Male,248.27.106.5
218,Karim,Wooffinden,kwooffinden61@princeton.edu,Male,67.49.0.158
219,Florencia,Skase,fskase62@topsy.com,Female,235.189.181.90
220,Andromache,Deeprose,adeeprose63@xing.com,Female,248.117.220.142
221,Celestyn,Satcher,csatcher64@g.co,Female,69.40.206.98
222,Douglass,MacDearmid,dmacdearmid65@examiner.com,Male,82.92.131.56
223,Marcello,Greir,mgreir66@unblog.fr,Male,81.174.163.142
224,Babette,Christene,bchristene67@simplemachines.org,Female,3.11.105.172
225,Stormy,McHaffy,smchaffy68@ycombinator.com,Female,181.158.113.203
226,Artemis,Vial,avial69@clickbank.net,Male,88.75.123.109
227,Nappy,Wilkes,nwilkes6a@time.com,Male,35.6.45.205
228,Micky,Ilyenko,milyenko6b@answers.com,Male,143.246.249.139
229,Herb,Urlin,hurlin6c@utexas.edu,Male,221.14.150.212
230,Ottilie,Egdale,oegdale6d@bandcamp.com,Female,134.243.194.251
231,Karin,Raynor,kraynor6e@barnesandnoble.com,Female,15.174.204.94
232,Melantha,Arnaldo,marnaldo6f@surveymonkey.com,Female,125.222.232.213
233,Stearne,Pozzo,spozzo6g@pcworld.com,Male,42.72.89.237
234,Nikita,Brunsden,nbrunsden6h@hc360.com,Male,155.57.224.96
235,Tally,Folker,tfolker6i@answers.com,Male,237.247.88.157
236,Gabriel,Costa,gcosta6j@oakley.com,Male,12.110.144.199
237,Nicolette,Paling,npaling6k@theguardian.com,Female,123.213.236.17
238,Jermaine,Bride,jbride6l@wikimedia.org,Male,193.30.246.81
239,Frazer,McGuckin,fmcguckin6m@furl.net,Male,118.27.137.202
240,Garfield,Traice,gtraice6n@taobao.com,Male,142.201.25.175
241,Rubia,Penhaligon,rpenhaligon6o@japanpost.jp,Female,91.118.0.156
242,Adara,Arnolds,aarnolds6p@mediafire.com,Female,161.50.248.90
243,Beatriz,Hendrickson,bhendrickson6q@parallels.com,Female,214.244.7.243
244,Barty,Sheara,bsheara6r@dion.ne.jp,Male,150.125.183.253
245,Reggy,Felkin,rfelkin6s@about.com,Male,163.235.59.130
246,Zollie,Wimmer,zwimmer6t@rediff.com,Male,207.140.72.239
247,Sheridan,Stittle,sstittle6u@prnewswire.com,Male,199.159.157.174
248,Hildagard,O'Gavin,hogavin6v@netvibes.com,Female,148.189.203.240
249,Charlot,Dennehy,cdennehy6w@discovery.com,Female,126.252.239.251
250,Audrie,Ferebee,aferebee6x@cpanel.net,Female,252.117.59.91
251,Cornie,Cow,ccow6y@icq.com,Male,13.223.242.231
252,Dodi,Tickel,dtickel6z@gov.uk,Female,115.48.247.7
253,Aileen,Sawdy,asawdy70@amazon.co.jp,Female,62.43.248.76
254,Terrye,Kunkel,tkunkel71@toplist.cz,Female,169.227.227.24
255,Terrill,Allix,tallix72@clickbank.net,Male,115.88.58.168
256,Denny,Warlowe,dwarlowe73@auda.org.au,Male,210.16.249.128
257,Arnuad,Priddey,apriddey74@exblog.jp,Male,247.84.130.142
258,Addy,Hannabus,ahannabus75@ca.gov,Male,40.20.4.188
259,Angelo,Seddon,aseddon76@lycos.com,Male,88.35.198.78
260,Jerald,Masserel,jmasserel77@quantcast.com,Male,202.14.131.196
261,Juliette,Wateridge,jwateridge78@youtu.be,Female,98.108.105.7
262,Lewiss,Durston,ldurston79@reuters.com,Male,202.235.123.207
263,Vidovik,Darlaston,vdarlaston7a@exblog.jp,Male,114.123.109.19
264,Urbanus,Kondratenko,ukondratenko7b@un.org,Male,60.3.47.179
265,Mar,Drackford,mdrackford7c@multiply.com,Male,221.116.110.122
266,Vida,Dabernott,vdabernott7d@storify.com,Female,226.253.254.230
267,Belicia,McGuiney,bmcguiney7e@behance.net,Female,196.223.172.190
268,Reidar,Limb,rlimb7f@home.pl,Male,233.212.176.97
269,Garner,Othick,gothick7g@elegantthemes.com,Male,62.155.110.73
270,Jocelyne,Fackrell,jfackrell7h@nyu.edu,Female,102.138.14.100
271,Valaria,Bamsey,vbamsey7i@mail.ru,Female,14.115.175.36
272,Fletcher,Maltman,fmaltman7j@about.com,Male,133.53.176.205
273,Karine,Simister,ksimister7k@cocolog-nifty.com,Female,57.93.79.213
274,Brocky,Copland,bcopland7l@cnet.com,Male,212.180.209.145
275,Haleigh,Wholesworth,hwholesworth7m@github.io,Male,209.11.145.233
276,Ingamar,Eschalette,ieschalette7n@weather.com,Male,202.187.180.185
277,Veronike,Clarage,vclarage7o@opensource.org,Female,232.185.83.161
278,Pat,Zanotti,pzanotti7p@nytimes.com,Female,134.83.133.14
279,Alberik,Cotman,acotman7q@vkontakte.ru,Male,247.218.77.196
280,Loria,Bugge,lbugge7r@geocities.com,Female,252.19.81.253
281,Harmonie,Suttell,hsuttell7s@diigo.com,Female,163.88.22.67
282,Conrade,Lydiatt,clydiatt7t@comcast.net,Male,117.28.32.78
283,Ulick,Germann,ugermann7u@ft.com,Male,229.212.66.52
284,Xymenes,Olek,xolek7v@army.mil,Male,135.218.238.121
285,Loutitia,Cyson,lcyson7w@fda.gov,Female,165.75.15.64
286,Dane,Dufaire,ddufaire7x@gnu.org,Male,214.187.68.145
287,Connor,Le Provest,cleprovest7y@skype.com,Male,127.120.220.174
288,Morgen,Heak,mheak7z@jigsy.com,Male,98.87.108.108
289,Gabbie,Bramo,gbramo80@t.co,Female,98.41.202.205
290,Dominica,Sultana,dsultana81@jimdo.com,Female,22.3.114.133
291,Tom,Porcas,tporcas82@alexa.com,Male,38.105.221.141
292,Lorens,Tyght,ltyght83@mlb.com,Male,84.70.6.206
293,Addie,Higford,ahigford84@etsy.com,Male,156.71.41.178
294,Dedie,Archdeacon,darchdeacon85@trellian.com,Female,83.1.249.9
295,Vanna,Mulroy,vmulroy86@sbwire.com,Female,39.73.139.156
296,Lyn,Adrain,ladrain87@vk.com,Male,42.189.87.110
297,Caspar,Bollen,cbollen88@sourceforge.net,Male,36.193.146.42
298,Suellen,Roughan,sroughan89@ft.com,Female,100.206.197.74
299,Devon,Skeldinge,dskeldinge8a@163.com,Female,212.195.176.176
300,Linc,Gillion,lgillion8b@senate.gov,Male,170.6.171.102
301,Vasily,Saile,vsaile8c@fastcompany.com,Male,227.176.183.128
302,Margret,Spurman,mspurman8d@webeden.co.uk,Female,225.191.217.53
303,Des,Lavelle,dlavelle8e@ftc.gov,Male,186.208.253.181
304,Ingunna,Grogono,igrogono8f@ucla.edu,Female,48.143.168.155
305,Carmencita,Roger,croger8g@mozilla.com,Female,182.198.21.234
306,Rosamond,Wield,rwield8h@ifeng.com,Female,60.245.181.39
307,Hamel,Sirmon,hsirmon8i@dmoz.org,Male,120.138.66.191
308,Lonny,MacWilliam,lmacwilliam8j@cloudflare.com,Male,84.204.113.37
309,Barnard,Erb,berb8k@artisteer.com,Male,211.241.225.233
310,Ebba,Shovlar,eshovlar8l@google.fr,Female,57.190.119.130
311,Drucy,Chree,dchree8m@stanford.edu,Female,113.227.74.66
312,Breena,McGauhy,bmcgauhy8n@com.com,Female,181.51.126.173
313,Amery,Blinkhorn,ablinkhorn8o@ed.gov,Male,44.89.120.59
314,Caz,Fierro,cfierro8p@google.es,Male,218.66.248.184
315,Sam,Pinck,spinck8q@guardian.co.uk,Male,141.235.100.182
316,Iormina,Lippett,ilippett8r@tripod.com,Female,194.241.247.100
317,Meghan,Bowbrick,mbowbrick8s@xrea.com,Female,179.228.49.162
318,Trisha,Van De Cappelle,tvandecappelle8t@sun.com,Female,125.105.112.8
319,Ninon,Okeshott,nokeshott8u@deviantart.com,Female,52.241.250.195
320,Lulu,Welford,lwelford8v@acquirethisname.com,Female,148.26.195.127
321,Chadwick,Boame,cboame8w@joomla.org,Male,123.53.207.221
322,Britteny,D'Avaux,bdavaux8x@nps.gov,Female,249.27.176.53
323,Guillaume,Timbs,gtimbs8y@xing.com,Male,163.25.115.139
324,Dalt,de Copeman,ddecopeman8z@spiegel.de,Male,121.42.57.34
325,Joella,Haffner,jhaffner90@vistaprint.com,Female,52.108.124.65
326,Georgi,Sollett,gsollett91@bbb.org,Male,147.19.67.179
327,Marline,Chandler,mchandler92@psu.edu,Female,19.112.101.45
328,Brenden,Riddiford,briddiford93@mit.edu,Male,69.118.233.82
329,Eddie,Laws,elaws94@fc2.com,Male,66.94.249.228
330,Marrilee,Petrak,mpetrak95@oracle.com,Female,245.246.63.127
331,Nikaniki,Rummin,nrummin96@yelp.com,Female,73.219.207.239
332,Giulia,Hegg,ghegg97@hatena.ne.jp,Female,191.198.88.237
333,Daisey,Pappin,dpappin98@deviantart.com,Female,70.75.169.218
334,Kelwin,Thornewell,kthornewell99@engadget.com,Male,23.60.153.183
335,Bianka,Zaple,bzaple9a@skype.com,Female,83.183.26.170
336,Lulita,Kemston,lkemston9b@printfriendly.com,Female,15.226.132.182
337,Ethelind,Lillee,elillee9c@ezinearticles.com,Female,65.226.238.142
338,Baxie,Farlambe,bfarlambe9d@bing.com,Male,119.83.24.55
339,Sheri,Holdron,sholdron9e@disqus.com,Female,197.67.158.83
340,Gayla,Playle,gplayle9f@joomla.org,Female,114.189.212.209
341,Olenolin,Wyper,owyper9g@skype.com,Male,40.179.255.22
342,Valma,Trunkfield,vtrunkfield9h@mediafire.com,Female,31.251.8.56
343,Marlo,Pledger,mpledger9i@blogs.com,Female,179.133.154.99
344,Mauricio,Gatesman,mgatesman9j@baidu.com,Male,43.83.74.45
345,Ronica,Rawood,rrawood9k@patch.com,Female,131.95.165.169
346,Etienne,Conen,econen9l@weebly.com,Male,245.129.59.176
347,Dulcea,Wurz,dwurz9m@nationalgeographic.com,Female,174.122.96.95
348,Renard,Bucknell,rbucknell9n@blog.com,Male,134.79.139.243
349,Julie,Babbe,jbabbe9o@bbc.co.uk,Male,22.70.177.172
350,Foss,Reina,freina9p@blogtalkradio.com,Male,118.159.147.168
351,Udale,Safhill,usafhill9q@ucoz.ru,Male,70.144.102.113
352,Audry,Brouwer,abrouwer9r@discovery.com,Female,8.164.204.244
353,Ange,McGinley,amcginley9s@who.int,Male,14.92.12.104
354,Larissa,Seekings,lseekings9t@cyberchimps.com,Female,48.77.62.133
355,Mallory,Coudray,mcoudray9u@businessinsider.com,Male,249.244.31.134
356,Kaitlin,Carstairs,kcarstairs9v@nymag.com,Female,20.18.21.53
357,Lenette,Taylot,ltaylot9w@deliciousdays.com,Female,144.145.161.111
358,Billye,Brookbank,bbrookbank9x@pbs.org,Female,95.96.151.112
359,Dora,Van Ross,dvanross9y@sciencedirect.com,Female,209.248.99.112
360,Lurline,Greated,lgreated9z@booking.com,Female,133.197.12.223
361,Candace,Saladino,csaladinoa0@webmd.com,Female,147.22.225.28
362,Raff,Gallafant,rgallafanta1@about.me,Male,206.182.69.193
363,Denni,Rabb,drabba2@php.net,Female,239.59.92.220
364,Opalina,Dilkes,odilkesa3@reference.com,Female,109.88.78.205
365,Tuckie,Crissil,tcrissila4@indiatimes.com,Male,133.192.176.190
366,Chucho,Wallach,cwallacha5@auda.org.au,Male,203.161.35.43
367,Ibbie,Parmer,iparmera6@chronoengine.com,Female,146.63.17.6
368,Amanda,Syphas,asyphasa7@ocn.ne.jp,Female,212.193.170.90
369,Leonidas,Barnaby,lbarnabya8@multiply.com,Male,185.34.208.154
370,Merry,John,mjohna9@dagondesign.com,Male,189.104.49.102
371,Brade,Blackborow,bblackborowaa@drupal.org,Male,23.141.229.11
372,Ludvig,Headrick,lheadrickab@weather.com,Male,160.246.164.136
373,Ibby,Brundrett,ibrundrettac@wikipedia.org,Female,128.158.227.137
374,Putnem,O'Skehan,poskehanad@admin.ch,Male,233.161.153.237
375,Candice,Conneau,cconneauae@amazon.de,Female,46.100.169.220
376,Cherlyn,Iglesias,ciglesiasaf@vistaprint.com,Female,56.119.171.88
377,Allayne,Orrice,aorriceag@icio.us,Male,110.29.188.85
378,Ivett,Ancell,iancellah@bbb.org,Female,98.68.210.130
379,Georgy,Mattheis,gmattheisai@wufoo.com,Male,25.127.40.74
380,Bianca,Broadfoot,bbroadfootaj@mysql.com,Female,95.31.44.207
381,Ailbert,Simmonite,asimmoniteak@xing.com,Male,241.29.36.51
382,Sergio,Cogswell,scogswellal@google.co.jp,Male,117.140.178.89
383,Atalanta,Spurett,aspurettam@sphinn.com,Female,118.216.136.170
384,Elvina,Kentwell,ekentwellan@mozilla.com,Female,126.79.88.117
385,Pyotr,Worsley,pworsleyao@google.fr,Male,174.231.175.204
386,Gennie,Luto,glutoap@artisteer.com,Female,122.144.205.20
387,Noach,Wightman,nwightmanaq@independent.co.uk,Male,89.188.191.171
388,Donall,Lias,dliasar@rambler.ru,Male,187.143.155.156
389,Celestia,Duval,cduvalas@ameblo.jp,Female,87.147.243.107
390,Tammie,Malkie,tmalkieat@friendfeed.com,Female,29.65.20.133
391,Dallas,MacIan,dmacianau@ow.ly,Male,49.86.190.58
392,Agnes,Stollsteiner,astollsteinerav@va.gov,Female,50.149.228.140
393,Wallie,Snook,wsnookaw@youtu.be,Male,248.52.122.240
394,Sarette,Diamant,sdiamantax@forbes.com,Female,74.204.204.237
395,Jonathan,Bakey,jbakeyay@gravatar.com,Male,13.150.150.131
396,Wallie,Walton,wwaltonaz@businessweek.com,Male,192.227.45.80
397,Krissie,Stower,kstowerb0@1688.com,Female,127.148.89.47
398,Alford,Treacher,atreacherb1@patch.com,Male,63.68.203.37
399,Krissie,Schoolfield,kschoolfieldb2@studiopress.com,Female,18.219.232.34
400,Cary,Moss,cmossb3@photobucket.com,Male,146.233.39.7
401,Mair,Durn,mdurnb4@yandex.ru,Female,43.25.50.78
402,Brett,Josebury,bjoseburyb5@homestead.com,Female,52.167.219.5
403,Dale,Reedyhough,dreedyhoughb6@t-online.de,Male,28.171.190.127
404,Christos,Devo,cdevob7@dyndns.org,Male,61.179.10.237
405,Inez,Short,ishortb8@ft.com,Female,175.135.142.227
406,Clemmy,Bale,cbaleb9@independent.co.uk,Male,70.12.100.184
407,Alfons,Lower,alowerba@slashdot.org,Male,145.20.200.255
408,Jerrie,Tuther,jtutherbb@macromedia.com,Male,154.29.91.97
409,Wadsworth,Hocking,whockingbc@irs.gov,Male,84.34.254.240
410,Berrie,Craddy,bcraddybd@slideshare.net,Female,81.2.59.195
411,Bartolemo,Struss,bstrussbe@google.fr,Male,220.197.190.21
412,Dennie,Brennenstuhl,dbrennenstuhlbf@huffingtonpost.com,Male,187.32.81.157
413,Shirleen,Melbert,smelbertbg@ucoz.ru,Female,135.185.214.246
414,Daryl,Rosen,drosenbh@phpbb.com,Male,82.127.183.167
415,Serge,Battison,sbattisonbi@elegantthemes.com,Male,9.91.35.6
416,Drusi,Van Oord,dvanoordbj@tumblr.com,Female,139.188.120.39
417,Danny,Reville,drevillebk@webnode.com,Female,76.35.78.191
418,Thacher,O'Cahill,tocahillbl@spiegel.de,Male,235.110.146.54
419,Avery,Coot,acootbm@joomla.org,Male,144.195.186.63
420,Melony,Egerton,megertonbn@google.com,Female,175.189.254.82
421,Lindi,Martensen,lmartensenbo@irs.gov,Female,2.212.144.244
422,Raff,Danes,rdanesbp@flavors.me,Male,96.141.93.180
423,Mendie,Yeoman,myeomanbq@cbc.ca,Male,254.227.177.195
424,Avril,Renackowna,arenackownabr@slideshare.net,Female,186.83.221.255
425,Giacopo,Crocker,gcrockerbs@webnode.com,Male,250.82.157.202
426,Shell,Wearn,swearnbt@csmonitor.com,Female,28.89.145.145
427,Killy,Gritsaev,kgritsaevbu@instagram.com,Male,80.34.179.41
428,Jarrett,Nealey,jnealeybv@godaddy.com,Male,34.77.199.154
429,Darbee,Fishpool,dfishpoolbw@shareasale.com,Male,32.204.47.162
430,Lisabeth,Josifovic,ljosifovicbx@independent.co.uk,Female,82.223.229.93
431,Cory,Avramchik,cavramchikby@eventbrite.com,Male,179.37.100.34
432,Dionysus,Rubra,drubrabz@admin.ch,Male,148.49.133.166
433,Tatiania,Drage,tdragec0@gmpg.org,Female,53.91.130.155
434,Free,Guarin,fguarinc1@dedecms.com,Male,98.155.179.28
435,Darcie,Robley,drobleyc2@live.com,Female,245.42.4.35
436,Laughton,Uppett,luppettc3@tinyurl.com,Male,63.158.227.28
437,Kippar,Cock,kcockc4@google.fr,Male,80.149.230.157
438,Marketa,McGerraghty,mmcgerraghtyc5@ifeng.com,Female,40.129.200.85
439,Betta,Demetr,bdemetrc6@quantcast.com,Female,41.214.125.239
440,Humfried,Peddel,hpeddelc7@alibaba.com,Male,140.82.38.172
441,Edee,Fairlie,efairliec8@friendfeed.com,Female,215.158.226.163
442,Kessia,Mower,kmowerc9@google.co.uk,Female,231.73.171.179
443,Irena,Kobpa,ikobpaca@cornell.edu,Female,60.218.225.121
444,Pedro,MacAdie,pmacadiecb@dmoz.org,Male,91.192.51.127
445,Ryan,O'Keevan,rokeevancc@cloudflare.com,Male,63.130.97.204
446,Rabi,Dominec,rdomineccd@disqus.com,Male,127.155.145.50
447,Leah,Ternott,lternottce@domainmarket.com,Female,116.56.187.127
448,Katya,Matsell,kmatsellcf@scribd.com,Female,180.17.130.182
449,Burl,Chettle,bchettlecg@amazon.co.uk,Male,110.225.171.114
450,Talia,Gerrels,tgerrelsch@yolasite.com,Female,184.153.100.232
451,Mylo,Dowber,mdowberci@nbcnews.com,Male,184.237.21.170
452,Laurella,Girkin,lgirkincj@ucla.edu,Female,93.32.195.122
453,Matthias,Blaxill,mblaxillck@harvard.edu,Male,170.122.167.46
454,Iver,Ecob,iecobcl@cyberchimps.com,Male,204.25.112.202
455,Nicola,Luckey,nluckeycm@g.co,Male,14.105.19.36
456,Britt,Gilvear,bgilvearcn@va.gov,Male,120.211.241.140
457,Fedora,Gorstidge,fgorstidgeco@nsw.gov.au,Female,165.249.74.31
458,Kinnie,Ghione,kghionecp@weibo.com,Male,63.13.246.143
459,Thacher,Cressor,tcressorcq@ebay.co.uk,Male,154.50.239.31
460,Felita,Hallford,fhallfordcr@ning.com,Female,229.219.143.85
461,Hazel,Southon,hsouthoncs@tamu.edu,Male,174.141.20.239
462,Venita,Maes,vmaesct@istockphoto.com,Female,80.186.219.14
463,Base,Barley,bbarleycu@admin.ch,Male,199.142.144.118
464,Oralle,Tine,otinecv@woothemes.com,Female,10.46.254.242
465,Ann-marie,Beadman,abeadmancw@ca.gov,Female,3.48.6.10
466,Saw,Willicott,swillicottcx@ocn.ne.jp,Male,3.49.84.231
467,Britney,Renouf,brenoufcy@google.pl,Female,163.50.115.175
468,Shanna,Linfitt,slinfittcz@google.es,Female,13.251.48.79
469,Janith,Withers,jwithersd0@patch.com,Female,60.102.37.100
470,Anny,Cordelette,acordeletted1@nyu.edu,Female,67.55.154.121
471,Rutger,Emms,remmsd2@lycos.com,Male,146.76.157.242
472,Willow,Rove,wroved3@artisteer.com,Female,47.232.42.35
473,Maurine,Esilmon,mesilmond4@wiley.com,Female,228.195.173.230
474,Mike,Hardy-Piggin,mhardypiggind5@meetup.com,Male,196.105.204.226
475,Aleece,Powers,apowersd6@hc360.com,Female,201.244.44.63
476,Ollie,Ballin,oballind7@microsoft.com,Male,161.67.115.49
477,Niall,Pickle,npickled8@prweb.com,Male,65.1.250.115
478,Cort,Breeze,cbreezed9@hubpages.com,Male,6.6.213.153
479,Pattin,Anstiss,panstissda@paginegialle.it,Male,82.16.141.70
480,Karlyn,Farrand,kfarranddb@liveinternet.ru,Female,167.197.110.4
481,Kimmy,Kisbee,kkisbeedc@e-recht24.de,Female,56.170.254.100
482,Philipa,Lockless,plocklessdd@opera.com,Female,211.97.102.184
483,Falito,Cohani,fcohanide@issuu.com,Male,170.38.113.230
484,Davide,Swindles,dswindlesdf@wix.com,Male,166.125.68.253
485,Doro,Baggalley,dbaggalleydg@macromedia.com,Female,58.19.236.26
486,Carline,Heckner,checknerdh@slideshare.net,Female,250.155.203.222
487,Poppy,Niese,pniesedi@mac.com,Female,121.212.242.213
488,Kial,Jubb,kjubbdj@google.com,Female,8.209.75.233
489,Glenna,Kenneway,gkennewaydk@ocn.ne.jp,Female,40.60.16.68
490,Charis,Kinchley,ckinchleydl@pcworld.com,Female,233.238.101.157
491,Margo,Catchpole,mcatchpoledm@irs.gov,Female,247.222.215.154
492,Cornall,McKew,cmckewdn@woothemes.com,Male,87.166.192.60
493,Darbee,Sabine,dsabinedo@lycos.com,Male,23.233.21.58
494,Seward,Hebbard,shebbarddp@i2i.jp,Male,25.156.1.166
495,Konstantin,Manclark,kmanclarkdq@amazon.co.uk,Male,125.45.148.133
496,Killian,Mazdon,kmazdondr@hexun.com,Male,113.160.46.1
497,Emmett,Ismail,eismailds@github.io,Male,70.149.83.220
498,Kylila,Done,kdonedt@flickr.com,Female,232.161.14.127
499,Melanie,McKew,mmckewdu@oracle.com,Female,236.130.127.83
500,Farrell,Niaves,fniavesdv@amazon.de,Male,56.140.48.232
501,Juliane,McGhee,jmcgheedw@netlog.com,Female,119.161.134.158
502,Marline,Khalid,mkhaliddx@smh.com.au,Female,15.83.46.53
503,Rozanne,Youthed,ryoutheddy@symantec.com,Female,201.127.199.203
504,Pauline,Bolley,pbolleydz@apple.com,Female,101.183.80.159
505,Silvie,Lomen,slomene0@nba.com,Female,77.16.178.228
506,Sinclare,Angrave,sangravee1@netscape.com,Male,101.143.36.24
507,Jud,O'Roan,joroane2@edublogs.org,Male,23.161.129.158
508,Spense,Yegorshin,syegorshine3@reuters.com,Male,226.167.143.114
509,Delia,Seeborne,dseebornee4@elpais.com,Female,31.38.76.130
510,Der,Rodenhurst,drodenhurste5@so-net.ne.jp,Male,150.40.3.126
511,Eydie,Seak,eseake6@guardian.co.uk,Female,139.12.109.59
512,Shanan,Dorkins,sdorkinse7@google.com.au,Male,169.252.172.142
513,Celinda,Mechi,cmechie8@ca.gov,Female,64.238.15.222
514,Edeline,Bauldry,ebauldrye9@psu.edu,Female,231.188.247.41
515,Rosemarie,Scanderet,rscanderetea@wisc.edu,Female,37.180.119.129
516,Benson,Sea,bseaeb@soup.io,Male,94.103.39.145
517,Dela,Haylett,dhaylettec@amazonaws.com,Female,11.42.44.222
518,Romola,Buffin,rbuffined@netscape.com,Female,42.171.37.14
519,Natala,Bare,nbareee@amazon.co.uk,Female,1.65.49.113
520,Euphemia,Minogue,eminogueef@gizmodo.com,Female,47.120.7.158
521,Latrina,Casement,lcasementeg@un.org,Female,149.19.29.94
522,Kalina,Liveing,kliveingeh@pen.io,Female,199.143.213.133
523,Josias,Liell,jliellei@cafepress.com,Male,117.82.10.110
524,Hallsy,Kettlestring,hkettlestringej@cpanel.net,Male,2.251.196.43
525,Romain,Drohane,rdrohaneek@engadget.com,Male,231.143.72.176
526,Chrystal,Barnham,cbarnhamel@cocolog-nifty.com,Female,153.72.20.194
527,Husain,Niven,hnivenem@plala.or.jp,Male,17.59.168.190
528,Skipper,Dubble,sdubbleen@google.ru,Male,174.186.69.81
529,Courtenay,Gurnee,cgurneeeo@techcrunch.com,Female,199.124.125.223
530,Etta,Wharram,ewharramep@meetup.com,Female,135.242.165.47
531,Maurine,Clapston,mclapstoneq@gravatar.com,Female,89.149.192.141
532,Duff,Febry,dfebryer@list-manage.com,Male,182.175.92.150
533,Nickolaus,Autin,nautines@purevolume.com,Male,51.122.59.141
534,Enrico,Povele,epoveleet@meetup.com,Male,138.225.138.29
535,Isidoro,Carass,icarasseu@4shared.com,Male,211.221.123.150
536,Ave,Garron,agarronev@ebay.co.uk,Male,50.235.58.171
537,Julia,Eby,jebyew@prnewswire.com,Female,231.98.97.58
538,Benjamen,Schoolfield,bschoolfieldex@reference.com,Male,62.117.180.189
539,Addison,Headford,aheadfordey@wired.com,Male,125.179.102.85
540,Dorella,Shelford,dshelfordez@fema.gov,Female,74.14.220.226
541,Georgine,Casero,gcaserof0@senate.gov,Female,105.241.101.116
542,Abrahan,Beyn,abeynf1@constantcontact.com,Male,155.199.113.87
543,Zia,Rhubottom,zrhubottomf2@slideshare.net,Female,92.81.9.187
544,Webb,Bendare,wbendaref3@gnu.org,Male,68.164.89.231
545,Morrie,Millis,mmillisf4@discuz.net,Male,199.65.156.179
546,Hendrika,Charlot,hcharlotf5@arstechnica.com,Female,162.163.120.84
547,Pen,Kislingbury,pkislingburyf6@fda.gov,Female,91.147.129.217
548,Ignaz,Verman,ivermanf7@google.cn,Male,99.223.201.96
549,Davina,Blasetti,dblasettif8@salon.com,Female,198.230.52.255
550,Bern,Mordue,bmorduef9@nifty.com,Male,164.78.202.245
551,Ediva,Buckmaster,ebuckmasterfa@purevolume.com,Female,76.206.234.236
552,Lyell,Poupard,lpoupardfb@imgur.com,Male,154.231.163.164
553,Salvidor,Shewen,sshewenfc@purevolume.com,Male,147.184.188.172
554,Ashton,Kersey,akerseyfd@icq.com,Male,182.62.29.152
555,Syd,Crake,scrakefe@drupal.org,Male,132.172.212.131
556,Nahum,Bortoluzzi,nbortoluzziff@jimdo.com,Male,25.137.212.194
557,Theodora,Beckitt,tbeckittfg@gov.uk,Female,56.39.74.91
558,Archibold,Bewicke,abewickefh@webs.com,Male,124.195.93.207
559,Leon,Aherne,lahernefi@hatena.ne.jp,Male,210.73.56.153
560,Paton,Probate,pprobatefj@virginia.edu,Male,157.99.109.63
561,Natty,Wythe,nwythefk@wikipedia.org,Female,115.45.58.52
562,Haleigh,Shevill,hshevillfl@mayoclinic.com,Male,144.65.0.188
563,Jacinta,Maytom,jmaytomfm@soundcloud.com,Female,219.157.167.212
564,Carolann,Bolley,cbolleyfn@msu.edu,Female,180.86.103.8
565,Olia,Gudahy,ogudahyfo@privacy.gov.au,Female,161.7.40.180
566,Dugald,Honig,dhonigfp@wp.com,Male,111.207.23.178
567,Ianthe,Easterbrook,ieasterbrookfq@ehow.com,Female,91.107.10.213
568,Mufinella,Kirmond,mkirmondfr@desdev.cn,Female,145.197.41.11
569,Abbe,Ivannikov,aivannikovfs@hatena.ne.jp,Female,60.247.7.152
570,Christophe,Betteney,cbetteneyft@usa.gov,Male,96.107.75.69
571,Evy,Ellif,eelliffu@reddit.com,Female,87.153.181.23
572,Bartlet,Aingel,baingelfv@dmoz.org,Male,91.108.225.156
573,Kippar,Heyburn,kheyburnfw@lulu.com,Male,173.16.25.73
574,Bearnard,Bencher,bbencherfx@rakuten.co.jp,Male,55.221.109.115
575,Sheffield,Borrett,sborrettfy@rambler.ru,Male,41.3.69.118
576,Jobye,Geraldo,jgeraldofz@wikispaces.com,Female,115.247.33.23
577,Wally,Kingsbury,wkingsburyg0@abc.net.au,Male,78.149.9.104
578,Sharyl,Jodkowski,sjodkowskig1@guardian.co.uk,Female,6.96.163.74
579,Lucretia,Cornilli,lcornillig2@reuters.com,Female,144.1.100.227
580,Eyde,McKerrow,emckerrowg3@jigsy.com,Female,216.176.163.229
581,Mead,Falls,mfallsg4@ask.com,Female,11.217.243.141
582,Ranee,Vanni,rvannig5@mapy.cz,Female,88.158.144.118
583,Toiboid,Dietzler,tdietzlerg6@senate.gov,Male,177.156.96.191
584,Mohandas,MacAirt,mmacairtg7@dropbox.com,Male,107.98.157.229
585,Sergio,Rainsden,srainsdeng8@youtube.com,Male,28.52.126.67
586,Mikey,Jaquet,mjaquetg9@mozilla.com,Male,10.170.85.251
587,Annabal,Attkins,aattkinsga@bbc.co.uk,Female,248.60.215.239
588,Catherina,Stonebridge,cstonebridgegb@jiathis.com,Female,102.212.83.97
589,Benyamin,Tollerton,btollertongc@indiatimes.com,Male,143.86.98.128
590,Halli,Bridgement,hbridgementgd@ft.com,Female,6.31.29.161
591,Melloney,Brosius,mbrosiusge@artisteer.com,Female,45.45.105.96
592,Godfry,Vinas,gvinasgf@google.ca,Male,247.31.23.246
593,Phineas,Martensen,pmartensengg@boston.com,Male,228.190.186.163
594,Millard,Siehard,msiehardgh@sourceforge.net,Male,76.46.83.242
595,Natalie,Arlow,narlowgi@arizona.edu,Female,92.207.102.35
596,Kennett,Desforges,kdesforgesgj@geocities.com,Male,212.161.244.183
597,Saraann,Hartly,shartlygk@aol.com,Female,213.112.65.64
598,Vivianna,Housbie,vhousbiegl@e-recht24.de,Female,144.171.136.43
599,Gipsy,Jamson,gjamsongm@webeden.co.uk,Female,107.158.201.71
600,Alicia,Bowyer,abowyergn@bandcamp.com,Female,214.133.41.230
601,Renato,Graddell,rgraddellgo@posterous.com,Male,177.11.60.45
602,Laura,Woodwin,lwoodwingp@google.com.au,Female,109.163.106.2
603,Ad,St Louis,astlouisgq@gizmodo.com,Male,115.254.163.63
604,Bianca,Scandrite,bscandritegr@blog.com,Female,116.248.31.251
605,Freemon,Bradbury,fbradburygs@webmd.com,Male,45.164.4.57
606,Melantha,Umpleby,mumplebygt@globo.com,Female,206.155.205.173
607,Kellen,Brocklebank,kbrocklebankgu@ucla.edu,Male,32.202.188.160
608,Reeta,Barbe,rbarbegv@java.com,Female,149.94.253.182
609,Dalston,Brownjohn,dbrownjohngw@vk.com,Male,23.49.6.158
610,Diane-marie,Felkin,dfelkingx@deviantart.com,Female,86.227.11.41
611,Goddart,Pourveer,gpourveergy@berkeley.edu,Male,23.118.172.137
612,Kirby,Raoux,kraouxgz@cmu.edu,Male,30.56.75.230
613,Korey,Tenby,ktenbyh0@baidu.com,Male,67.66.67.168
614,Kariotta,Ausher,kausherh1@usatoday.com,Female,188.139.30.12
615,Cari,MacPaik,cmacpaikh2@eventbrite.com,Female,216.23.19.6
616,Charmane,Rawlison,crawlisonh3@google.com,Female,251.59.207.208
617,Theo,Norrington,tnorringtonh4@telegraph.co.uk,Female,61.230.152.124
618,Roxane,Josifovic,rjosifovich5@ed.gov,Female,121.66.166.109
619,Rickie,Cavy,rcavyh6@feedburner.com,Female,128.161.11.97
620,Lori,Aliberti,lalibertih7@redcross.org,Female,223.9.252.234
621,Al,Venus,avenush8@slideshare.net,Male,85.216.89.173
622,Shirl,Walenta,swalentah9@wisc.edu,Female,242.67.115.81
623,Mathias,Stone,mstoneha@facebook.com,Male,15.168.254.50
624,Fran,Cossentine,fcossentinehb@cargocollective.com,Male,85.145.243.110
625,Wylie,Dennerley,wdennerleyhc@msn.com,Male,54.86.250.227
626,Brew,O'Neill,boneillhd@netvibes.com,Male,93.108.138.87
627,Burl,Griggs,bgriggshe@theatlantic.com,Male,110.152.209.5
628,Iggy,Audibert,iaudiberthf@ftc.gov,Male,95.195.183.57
629,Madelena,Nutkins,mnutkinshg@house.gov,Female,138.253.230.40
630,Hadrian,Merriman,hmerrimanhh@berkeley.edu,Male,194.190.189.115
631,Joellen,Goodbar,jgoodbarhi@noaa.gov,Female,133.137.220.144
632,Winnifred,Long,wlonghj@opensource.org,Female,70.79.60.226
633,Johannah,Ewenson,jewensonhk@chron.com,Female,183.238.39.44
634,Sibelle,Bownde,sbowndehl@house.gov,Female,136.146.124.69
635,Estevan,Swallwell,eswallwellhm@wp.com,Male,234.75.93.55
636,Pattie,McCawley,pmccawleyhn@shutterfly.com,Male,221.202.173.49
637,Gardie,MacAlister,gmacalisterho@cyberchimps.com,Male,242.134.67.66
638,Chrysler,Brommage,cbrommagehp@deviantart.com,Female,109.217.113.121
639,Carmel,Heifer,cheiferhq@toplist.cz,Female,28.176.97.178
640,Yehudi,Corsor,ycorsorhr@npr.org,Male,135.91.178.175
641,Row,Matantsev,rmatantsevhs@4shared.com,Female,205.88.108.163
642,Gisela,Petrushanko,gpetrushankoht@feedburner.com,Female,68.69.230.113
643,Orlan,Banker,obankerhu@ibm.com,Male,235.25.41.199
644,Grady,Gerger,ggergerhv@jimdo.com,Male,208.99.172.203
645,Julietta,Osgardby,josgardbyhw@merriam-webster.com,Female,20.15.155.41
646,Donni,Drees,ddreeshx@omniture.com,Female,112.97.55.109
647,Nikita,Edgars,nedgarshy@dropbox.com,Male,68.6.248.249
648,Shanan,Manvelle,smanvellehz@kickstarter.com,Male,141.138.174.223
649,Derward,Pancoast,dpancoasti0@ustream.tv,Male,243.131.219.111
650,Giuditta,Evered,geveredi1@twitter.com,Female,165.141.38.160
651,Egor,Storer,estoreri2@creativecommons.org,Male,221.36.111.104
652,Dennet,Bodemeaid,dbodemeaidi3@vimeo.com,Male,133.40.99.156
653,Bart,Goggin,bgoggini4@xrea.com,Male,136.67.144.12
654,Norine,Del Dello,ndeldelloi5@fastcompany.com,Female,100.187.254.249
655,Maurits,Adess,madessi6@hao123.com,Male,187.25.20.145
656,Elfrieda,Mackerness,emackernessi7@unc.edu,Female,152.111.162.213
657,Meaghan,Sayers,msayersi8@netlog.com,Female,201.25.254.134
658,Joseito,Khoter,jkhoteri9@ning.com,Male,219.58.176.126
659,Franciskus,Sandars,fsandarsia@so-net.ne.jp,Male,141.240.55.52
660,Beth,Pedrozzi,bpedrozziib@people.com.cn,Female,173.50.91.27
661,Leo,McMains,lmcmainsic@apache.org,Male,121.4.248.173
662,Sasha,Werrilow,swerrilowid@imageshack.us,Male,23.21.242.235
663,Ruperto,Siddon,rsiddonie@dyndns.org,Male,236.223.114.73
664,Merry,Szantho,mszanthoif@uol.com.br,Male,199.228.120.227
665,Amalea,Wingeat,awingeatig@miibeian.gov.cn,Female,131.176.22.137
666,Hayyim,Skeen,hskeenih@yellowbook.com,Male,245.241.41.158
667,Kelcey,Ballister,kballisterii@google.nl,Female,21.48.96.22
668,Darlene,Learoyde,dlearoydeij@latimes.com,Female,160.23.93.187
669,Nancy,Jeffree,njeffreeik@netlog.com,Female,50.182.41.89
670,Dusty,Botcherby,dbotcherbyil@hhs.gov,Female,125.242.165.250
671,Magdalene,Stroud,mstroudim@cloudflare.com,Female,106.193.139.75
672,Franny,Bruinemann,fbruinemannin@whitehouse.gov,Male,156.188.55.109
673,Weber,Stranahan,wstranahanio@ovh.net,Male,63.82.105.122
674,Gilligan,Braysher,gbraysherip@spotify.com,Female,168.19.142.20
675,Moise,Matthewson,mmatthewsoniq@msu.edu,Male,126.136.224.10
676,Sherrie,Frossell,sfrossellir@nydailynews.com,Female,179.57.147.15
677,Wendy,McGrey,wmcgreyis@miitbeian.gov.cn,Female,4.177.87.48
678,Amitie,Clow,aclowit@omniture.com,Female,123.69.232.65
679,Barris,Bowery,bboweryiu@census.gov,Male,201.194.182.218
680,Gratia,Gothard,ggothardiv@upenn.edu,Female,134.210.180.84
681,Vanda,Blunn,vblunniw@xinhuanet.com,Female,81.15.58.193
682,Christye,Jehu,cjehuix@multiply.com,Female,2.211.16.60
683,Shela,Allen,salleniy@unesco.org,Female,218.139.104.233
684,Elisabet,Batha,ebathaiz@mail.ru,Female,51.133.62.221
685,Lilas,Minogue,lminoguej0@gravatar.com,Female,37.147.208.127
686,Thaine,Eslinger,teslingerj1@timesonline.co.uk,Male,144.222.100.155
687,Katee,Ilchuk,kilchukj2@cbc.ca,Female,207.189.156.40
688,Morna,Sainz,msainzj3@cbsnews.com,Female,239.30.13.117
689,Bernadette,O' Hern,bohernj4@gizmodo.com,Female,213.69.179.60
690,Vannie,Marchent,vmarchentj5@va.gov,Female,243.50.230.219
691,Ralph,Dimont,rdimontj6@xing.com,Male,9.72.44.167
692,Raf,Pollack,rpollackj7@bing.com,Female,241.126.40.70
693,Winston,Sabattier,wsabattierj8@jigsy.com,Male,74.224.56.68
694,Rossy,Sterre,rsterrej9@un.org,Male,148.152.128.75
695,Denna,Cotmore,dcotmoreja@dion.ne.jp,Female,23.110.231.148
696,Skipton,Farlow,sfarlowjb@soup.io,Male,85.20.122.237
697,Darrelle,Hehl,dhehljc@auda.org.au,Female,74.75.180.4
698,Ramsay,Farmiloe,rfarmiloejd@dropbox.com,Male,178.142.172.55
699,Brit,Lockart,blockartje@people.com.cn,Female,62.121.172.140
700,Shoshana,Bart,sbartjf@epa.gov,Female,91.86.181.131
701,Guss,Grenter,ggrenterjg@sun.com,Male,97.184.102.72
702,Dorene,Bruna,dbrunajh@yelp.com,Female,150.48.8.84
703,Chicky,Hutchins,chutchinsji@jimdo.com,Female,254.200.201.162
704,Silas,Whightman,swhightmanjj@ft.com,Male,116.176.91.33
705,Chance,Severn,csevernjk@msn.com,Male,247.119.51.54
706,Lurline,Yukhnin,lyukhninjl@who.int,Female,157.250.106.166
707,Shaine,Demeza,sdemezajm@histats.com,Male,55.124.123.251
708,Elisha,Llopis,ellopisjn@angelfire.com,Female,121.68.84.92
709,Kaylil,Band,kbandjo@theguardian.com,Female,147.250.117.218
710,Zarah,Clery,zcleryjp@linkedin.com,Female,142.117.157.212
711,Fairleigh,Iwaszkiewicz,fiwaszkiewiczjq@unesco.org,Male,168.247.116.19
712,Leonerd,Fleckno,lflecknojr@bloglovin.com,Male,220.188.181.90
713,Farr,Placstone,fplacstonejs@businesswire.com,Male,43.26.78.227
714,Luca,Kitcat,lkitcatjt@zdnet.com,Male,191.37.53.252
715,Marrilee,Brastead,mbrasteadju@amazon.com,Female,38.48.71.255
716,Dougie,Baress,dbaressjv@canalblog.com,Male,225.60.255.255
717,Ham,Hallan,hhallanjw@nytimes.com,Male,235.105.162.32
718,Dayna,Oldnall,doldnalljx@taobao.com,Female,196.183.48.205
719,Raffaello,Tumayan,rtumayanjy@apple.com,Male,1.8.135.226
720,Jermaine,Gawith,jgawithjz@google.es,Male,191.80.83.42
721,Celia,Jessop,cjessopk0@howstuffworks.com,Female,28.241.75.134
722,Tuck,Crimin,tcrimink1@skyrock.com,Male,44.216.145.151
723,Marj,Bramah,mbramahk2@wiley.com,Female,128.229.116.42
724,Linette,Comelli,lcomellik3@drupal.org,Female,211.230.174.114
725,Jobie,Daveran,jdaverank4@forbes.com,Female,66.9.243.169
726,Brion,Yegorovnin,byegorovnink5@princeton.edu,Male,129.70.187.47
727,Melonie,Sporrij,msporrijk6@behance.net,Female,30.27.155.230
728,Chet,Olcot,colcotk7@baidu.com,Male,90.175.115.117
729,Willem,Bosse,wbossek8@webnode.com,Male,19.2.124.0
730,Melva,Tamblingson,mtamblingsonk9@pinterest.com,Female,102.156.252.28
731,Myra,Barefoot,mbarefootka@senate.gov,Female,81.17.52.176
732,Sioux,Stobbs,sstobbskb@amazonaws.com,Female,228.131.6.102
733,Trenna,Balassa,tbalassakc@xing.com,Female,255.86.207.10
734,Lamont,Mines,lmineskd@cbsnews.com,Male,236.204.149.79
735,Ignaz,MacTeggart,imacteggartke@merriam-webster.com,Male,105.229.37.90
736,Vince,Rooms,vroomskf@ameblo.jp,Male,164.137.30.37
737,Cele,Heibel,cheibelkg@google.co.jp,Female,21.238.118.195
738,Ardeen,Brewins,abrewinskh@pagesperso-orange.fr,Female,60.117.139.151
739,Sena,Haliburton,shaliburtonki@themeforest.net,Female,145.197.60.115
740,Eddy,Woodhams,ewoodhamskj@elegantthemes.com,Female,154.120.137.132
741,Rourke,Fearey,rfeareykk@free.fr,Male,85.13.92.91
742,Ertha,Masham,emashamkl@wikimedia.org,Female,49.234.157.238
743,Robbyn,Dongles,rdongleskm@ezinearticles.com,Female,151.101.51.140
744,Paolina,Bassam,pbassamkn@ning.com,Female,228.243.56.189
745,Cooper,Heare,cheareko@hugedomains.com,Male,3.45.187.233
746,Daisie,McGeown,dmcgeownkp@flickr.com,Female,178.136.5.183
747,Jocelyn,Whysall,jwhysallkq@wikipedia.org,Female,81.216.36.167
748,Norry,Yakobowitz,nyakobowitzkr@amazon.co.uk,Male,127.11.16.166
749,Otes,Deakes,odeakesks@is.gd,Male,250.239.203.52
750,Adina,Heymes,aheymeskt@jigsy.com,Female,5.141.11.60
751,Tommie,Antonopoulos,tantonopoulosku@howstuffworks.com,Female,10.129.198.86
752,Kliment,Gahagan,kgahagankv@usatoday.com,Male,56.83.224.4
753,Reagen,Duffit,rduffitkw@google.com.hk,Male,67.5.51.56
754,Chryste,Halden,chaldenkx@1und1.de,Female,140.101.212.210
755,Aurlie,Mucci,amucciky@linkedin.com,Female,18.183.49.82
756,Milicent,McPhelimey,mmcphelimeykz@theguardian.com,Female,130.92.202.150
757,Guthrey,Baskerfield,gbaskerfieldl0@whitehouse.gov,Male,120.112.236.36
758,Reeba,Lemmen,rlemmenl1@timesonline.co.uk,Female,142.218.243.102
759,Tanney,Evett,tevettl2@edublogs.org,Male,191.199.37.84
760,Corliss,Newall,cnewalll3@wufoo.com,Female,128.99.249.152
761,Demeter,Cremen,dcremenl4@dmoz.org,Female,206.53.150.191
762,Ronda,Farrear,rfarrearl5@ezinearticles.com,Female,133.55.210.239
763,Ferdinand,Gotecliffe,fgotecliffel6@china.com.cn,Male,233.122.35.70
764,Tanya,Sleit,tsleitl7@google.com.au,Female,25.5.19.233
765,Vita,Betjeman,vbetjemanl8@technorati.com,Female,168.69.226.13
766,Martino,Grellier,mgrellierl9@prlog.org,Male,180.52.60.97
767,Bernhard,Parmiter,bparmiterla@themeforest.net,Male,68.85.79.166
768,Donnie,Etridge,detridgelb@bing.com,Male,8.219.32.95
769,Pavlov,Carnell,pcarnelllc@businesswire.com,Male,35.239.69.102
770,Daisy,Rudeforth,drudeforthld@cornell.edu,Female,122.122.114.79
771,Pancho,Denzilow,pdenzilowle@ehow.com,Male,104.94.4.242
772,Ursola,Maliffe,umaliffelf@simplemachines.org,Female,122.163.65.70
773,Mose,Bulcock,mbulcocklg@samsung.com,Male,243.79.206.121
774,Barri,Creamen,bcreamenlh@bizjournals.com,Male,79.21.203.53
775,Ahmad,Melrose,amelroseli@bravesites.com,Male,89.93.1.235
776,Nicole,Kupka,nkupkalj@desdev.cn,Female,4.161.21.152
777,Cher,Shedden,csheddenlk@nps.gov,Female,152.105.8.17
778,Warner,Kilshaw,wkilshawll@forbes.com,Male,64.239.126.27
779,Helaina,Topper,htopperlm@businessinsider.com,Female,228.50.15.17
780,Renie,Deboy,rdeboyln@whitehouse.gov,Female,158.184.199.60
781,Pavia,Hannent,phannentlo@vimeo.com,Female,86.211.164.64
782,Alexandro,Ilyasov,ailyasovlp@yelp.com,Male,180.229.249.119
783,Enos,MacCostigan,emaccostiganlq@wikipedia.org,Male,205.80.128.165
784,Karlie,MacNeill,kmacneilllr@guardian.co.uk,Female,119.23.241.51
785,Donny,Meale,dmealels@tamu.edu,Female,49.199.98.29
786,Valentine,Longhorne,vlonghornelt@smh.com.au,Male,163.69.81.105
787,Juana,Paine,jpainelu@craigslist.org,Female,17.44.24.161
788,Lynn,Verduin,lverduinlv@state.tx.us,Male,107.147.85.65
789,Lutero,Mc Corley,lmccorleylw@themeforest.net,Male,182.101.49.114
790,Trina,Bompas,tbompaslx@baidu.com,Female,204.197.144.208
791,Kelby,Robertot,krobertotly@vistaprint.com,Male,242.226.201.32
792,Madalyn,Phizakarley,mphizakarleylz@ask.com,Female,65.179.115.138
793,Norean,Muckart,nmuckartm0@google.es,Female,16.221.156.17
794,Ware,Anan,wananm1@google.cn,Male,219.58.161.185
795,Faustina,Vannuccinii,fvannucciniim2@ehow.com,Female,238.63.94.245
796,Toby,Meadmore,tmeadmorem3@buzzfeed.com,Female,75.117.168.233
797,Kane,Bruford,kbrufordm4@pagesperso-orange.fr,Male,10.34.230.71
798,Siusan,Fenlon,sfenlonm5@shutterfly.com,Female,9.253.246.2
799,Radcliffe,Bazley,rbazleym6@abc.net.au,Male,111.138.170.253
800,Karon,Tremeer,ktremeerm7@elegantthemes.com,Female,27.191.221.24
801,Teddi,O'Dennehy,todennehym8@goo.ne.jp,Female,154.203.228.156
802,Trixi,Mathou,tmathoum9@cnet.com,Female,232.17.160.32
803,Kingsly,Dudbridge,kdudbridgema@scientificamerican.com,Male,62.241.8.138
804,Tracey,Wittrington,twittringtonmb@jugem.jp,Male,172.131.151.125
805,Montgomery,Perch,mperchmc@tripod.com,Male,4.225.200.152
806,Sibeal,Langmaid,slangmaidmd@microsoft.com,Female,106.13.113.213
807,Alford,Kleinzweig,akleinzweigme@unesco.org,Male,205.242.149.124
808,Abbey,Marsh,amarshmf@vinaora.com,Male,232.40.181.26
809,Marlo,Kleinstub,mkleinstubmg@drupal.org,Male,7.245.252.174
810,Barth,Chown,bchownmh@bbc.co.uk,Male,239.223.215.74
811,Zonda,Konerding,zkonerdingmi@is.gd,Female,252.57.189.248
812,Crosby,Mogg,cmoggmj@answers.com,Male,113.153.66.195
813,Matthaeus,Seacombe,mseacombemk@reddit.com,Male,24.242.50.113
814,Sanderson,Dimmick,sdimmickml@google.com.au,Male,61.218.44.108
815,Raddie,Wife,rwifemm@si.edu,Male,200.61.119.91
816,Laverne,Gosforth,lgosforthmn@istockphoto.com,Female,102.20.111.144
817,Karoline,Gantlett,kgantlettmo@vimeo.com,Female,120.95.102.196
818,Cortie,Latham,clathammp@usa.gov,Male,172.125.62.146
819,Philippine,Kelso,pkelsomq@stanford.edu,Female,149.22.222.158
820,Milo,Duthy,mduthymr@elpais.com,Male,89.117.199.135
821,Sherie,MacTrustey,smactrusteyms@intel.com,Female,201.209.52.203
822,Marsha,Molan,mmolanmt@unblog.fr,Female,2.231.108.107
823,Daryl,Ingamells,dingamellsmu@ucsd.edu,Male,17.192.126.201
824,Mattias,Sondland,msondlandmv@netlog.com,Male,126.186.102.95
825,Ingunna,Dillamore,idillamoremw@w3.org,Female,100.139.166.251
826,Rudolph,Adamo,radamomx@weather.com,Male,0.53.161.250
827,Giacopo,Arington,garingtonmy@indiegogo.com,Male,50.51.14.21
828,Amery,Glendinning,aglendinningmz@quantcast.com,Male,196.169.180.166
829,Leigh,Risbrough,lrisbroughn0@xing.com,Male,171.66.247.2
830,James,Allabarton,jallabartonn1@jugem.jp,Male,90.125.81.65
831,Malchy,Cuthbert,mcuthbertn2@mtv.com,Male,43.223.19.21
832,Jamil,Collingwood,jcollingwoodn3@usatoday.com,Male,158.29.209.173
833,Oneida,Rodolphe,orodolphen4@oakley.com,Female,174.27.73.17
834,Dalila,Limb,dlimbn5@de.vu,Female,133.151.153.242
835,Sallyanne,Suarez,ssuarezn6@purevolume.com,Female,73.111.91.148
836,Derward,Laborde,dlaborden7@naver.com,Male,137.158.73.248
837,Rock,Sand,rsandn8@ifeng.com,Male,199.18.117.161
838,Melisa,Tarbatt,mtarbattn9@icio.us,Female,128.86.167.117
839,Rusty,Muncaster,rmuncasterna@cam.ac.uk,Male,4.148.79.106
840,Pearle,Cantua,pcantuanb@blogtalkradio.com,Female,187.1.97.135
841,Brynn,Lehemann,blehemannnc@histats.com,Female,116.82.158.254
842,Deirdre,Spellward,dspellwardnd@sciencedirect.com,Female,126.227.118.125
843,Felipa,Keemer,fkeemerne@hao123.com,Female,40.39.102.28
844,Elora,Spiaggia,espiaggianf@theglobeandmail.com,Female,76.62.86.171
845,Donny,Polak,dpolakng@hexun.com,Male,223.195.214.193
846,Casi,Brinkler,cbrinklernh@bluehost.com,Female,148.75.181.65
847,Esteban,Morton,emortonni@epa.gov,Male,220.79.93.204
848,Zuzana,Batchan,zbatchannj@webs.com,Female,217.70.152.19
849,Otha,Vogt,ovogtnk@yandex.ru,Female,122.109.201.220
850,Lucais,Sumption,lsumptionnl@biglobe.ne.jp,Male,248.247.199.147
851,Kipp,Towl,ktowlnm@zimbio.com,Male,24.249.201.199
852,Darnall,Manktelow,dmanktelownn@dyndns.org,Male,208.24.165.186
853,Christina,Skill,cskillno@baidu.com,Female,115.28.76.106
854,Hermy,Fairlaw,hfairlawnp@businessinsider.com,Male,192.244.213.225
855,Werner,Barczewski,wbarczewskinq@amazon.de,Male,234.122.95.96
856,Krispin,Foulser,kfoulsernr@list-manage.com,Male,183.105.247.167
857,Sal,Kilsby,skilsbyns@adobe.com,Female,64.28.57.12
858,Uriah,Kits,ukitsnt@reddit.com,Male,19.140.219.247
859,Fan,Rattenberie,frattenberienu@free.fr,Female,94.250.54.39
860,Silvan,Whawell,swhawellnv@bing.com,Male,220.92.154.9
861,Emmy,Sedgemond,esedgemondnw@auda.org.au,Male,210.41.74.124
862,Hewitt,MacArte,hmacartenx@walmart.com,Male,228.100.148.42
863,Emanuele,Everingham,eeveringhamny@mail.ru,Male,35.7.195.244
864,Bertram,Ahern,bahernnz@themeforest.net,Male,76.131.116.157
865,Fanya,Moen,fmoeno0@dagondesign.com,Female,44.48.18.7
866,Andonis,Ewington,aewingtono1@drupal.org,Male,245.102.94.145
867,Cristine,Jermey,cjermeyo2@bing.com,Female,176.235.138.80
868,Shanta,Every,severyo3@bloomberg.com,Female,171.78.186.81
869,Ashton,Youngs,ayoungso4@51.la,Male,232.54.154.224
870,Geneva,Sagar,gsagaro5@accuweather.com,Female,135.147.106.165
871,Rhianna,Lambertson,rlambertsono6@goo.gl,Female,142.156.134.50
872,Clio,Petkovic,cpetkovico7@mysql.com,Female,156.142.79.160
873,Devy,Pennaman,dpennamano8@studiopress.com,Male,218.89.111.81
874,Tobe,Broadnicke,tbroadnickeo9@symantec.com,Male,45.90.36.218
875,Bertram,Winsor,bwinsoroa@boston.com,Male,21.95.211.62
876,Danila,Fawcitt,dfawcittob@wikia.com,Female,93.155.188.175
877,Vincenty,Betjes,vbetjesoc@cpanel.net,Male,80.7.177.106
878,Barton,Caspell,bcaspellod@topsy.com,Male,225.178.19.26
879,Joann,Robertacci,jrobertaccioe@studiopress.com,Female,126.194.242.103
880,Cort,Lauthian,clauthianof@shinystat.com,Male,128.109.135.220
881,Ally,Eddolls,aeddollsog@example.com,Female,33.86.235.5
882,Yvette,Rollinshaw,yrollinshawoh@4shared.com,Female,40.110.175.242
883,Wake,Pellitt,wpellittoi@oaic.gov.au,Male,44.32.9.51
884,Lara,Oneill,loneilloj@kickstarter.com,Female,165.237.182.244
885,Ernesto,Cutmore,ecutmoreok@slashdot.org,Male,225.68.30.237
886,Minnnie,Witchard,mwitchardol@gov.uk,Female,27.94.70.67
887,Zaccaria,Becraft,zbecraftom@noaa.gov,Male,181.223.240.237
888,Claudian,Beatty,cbeattyon@people.com.cn,Male,254.184.220.236
889,Bar,Leadbeatter,bleadbeatteroo@hp.com,Male,16.116.171.232
890,Arluene,Cancellario,acancellarioop@livejournal.com,Female,15.223.113.169
891,Carlo,Hoffner,choffneroq@aboutads.info,Male,93.173.28.138
892,Rossie,Graffham,rgraffhamor@examiner.com,Male,143.11.74.175
893,Wolfgang,Brugger,wbruggeros@ed.gov,Male,243.113.159.31
894,Millie,Mapstone,mmapstoneot@npr.org,Female,101.32.17.207
895,Roddie,D'Oyley,rdoyleyou@sina.com.cn,Male,252.143.174.168
896,Tamma,Toulmin,ttoulminov@npr.org,Female,120.198.209.40
897,Carissa,Bennedsen,cbennedsenow@ifeng.com,Female,54.113.176.201
898,Tiffany,Whittenbury,twhittenburyox@etsy.com,Female,159.2.102.71
899,Caroljean,Kissock,ckissockoy@printfriendly.com,Female,246.31.39.197
900,Philipa,Silburn,psilburnoz@walmart.com,Female,167.227.84.129
901,Cleon,Kleiner,ckleinerp0@wunderground.com,Male,152.101.132.137
902,Wit,Reilingen,wreilingenp1@alexa.com,Male,138.181.122.92
903,Frederique,Blaney,fblaneyp2@columbia.edu,Female,107.176.65.231
904,Ellerey,Slimmon,eslimmonp3@yellowpages.com,Male,137.42.137.101
905,Doralin,Thexton,dthextonp4@bizjournals.com,Female,92.238.245.55
906,Naoma,Ferriby,nferribyp5@reference.com,Female,78.32.111.23
907,Marcellus,Brownsea,mbrownseap6@noaa.gov,Male,94.164.115.158
908,Brook,Boolsen,bboolsenp7@bbb.org,Female,99.126.130.31
909,Colas,Lyenyng,clyenyngp8@nasa.gov,Male,254.150.117.215
910,Niki,Girling,ngirlingp9@tinyurl.com,Male,180.225.153.19
911,Rabbi,Antonov,rantonovpa@tmall.com,Male,167.241.160.238
912,Garwin,Scardifield,gscardifieldpb@scientificamerican.com,Male,209.194.135.116
913,Joyann,Baskeyfield,jbaskeyfieldpc@geocities.com,Female,73.109.244.78
914,Mei,Khan,mkhanpd@yolasite.com,Female,136.127.78.231
915,Nomi,Meriet,nmerietpe@house.gov,Female,210.189.61.55
916,Fabio,Beaulieu,fbeaulieupf@patch.com,Male,109.211.12.118
917,Odilia,Penley,openleypg@nps.gov,Female,6.198.228.43
918,Nichole,Launder,nlaunderph@state.tx.us,Female,146.253.89.156
919,Ninetta,Heisman,nheismanpi@reddit.com,Female,13.108.86.110
920,Vladamir,Pinshon,vpinshonpj@narod.ru,Male,14.177.71.132
921,Langston,Carwithan,lcarwithanpk@pagesperso-orange.fr,Male,161.99.106.239
922,Clarinda,Cantua,ccantuapl@nhs.uk,Female,106.40.173.178
923,Carilyn,Tomkies,ctomkiespm@is.gd,Female,58.200.18.43
924,Regina,Chessman,rchessmanpn@ovh.net,Female,242.55.192.215
925,Ward,Mapp,wmapppo@abc.net.au,Male,25.132.115.0
926,Annora,Keilty,akeiltypp@privacy.gov.au,Female,0.198.79.179
927,Lynda,Van der Brugge,lvanderbruggepq@businessweek.com,Female,54.30.58.36
928,Judith,Blodget,jblodgetpr@odnoklassniki.ru,Female,109.252.121.147
929,Ronda,Daviddi,rdaviddips@t-online.de,Female,231.186.53.86
930,Barry,Cavell,bcavellpt@cmu.edu,Female,145.20.126.132
931,Dione,Carrell,dcarrellpu@macromedia.com,Female,152.169.75.70
932,Louise,Thurlbourne,lthurlbournepv@miitbeian.gov.cn,Female,246.48.209.199
933,Randal,Nobriga,rnobrigapw@fastcompany.com,Male,182.90.143.2
934,Erhard,Key,ekeypx@mtv.com,Male,201.30.150.185
935,Miguela,Kellaway,mkellawaypy@dion.ne.jp,Female,33.111.54.234
936,Rodi,Goadsby,rgoadsbypz@bandcamp.com,Female,95.32.230.187
937,Dehlia,D'Onise,ddoniseq0@youtube.com,Female,187.69.249.190
938,Gerhardt,Beard,gbeardq1@constantcontact.com,Male,236.146.3.8
939,Zarah,Dyer,zdyerq2@netlog.com,Female,53.132.239.157
940,Rose,Cauderlie,rcauderlieq3@typepad.com,Female,94.242.209.13
941,Harmony,Williamson,hwilliamsonq4@mysql.com,Female,93.43.126.211
942,Rollo,Walak,rwalakq5@amazon.co.jp,Male,13.106.114.42
943,Delila,Strick,dstrickq6@opera.com,Female,113.179.161.34
944,Danyette,McCrorie,dmccrorieq7@nymag.com,Female,167.252.65.97
945,Elfrida,Duggen,eduggenq8@diigo.com,Female,205.97.114.231
946,Charles,Radage,cradageq9@cnbc.com,Male,145.136.43.212
947,Elyn,Radmer,eradmerqa@flavors.me,Female,179.216.125.243
948,Madelyn,Hebble,mhebbleqb@utexas.edu,Female,181.216.13.49
949,Ermentrude,Cotman,ecotmanqc@prnewswire.com,Female,42.52.151.28
950,Claudell,Basek,cbasekqd@reference.com,Male,1.21.7.55
951,Tybalt,Ville,tvilleqe@so-net.ne.jp,Male,189.103.144.27
952,Quincey,Olczak,qolczakqf@arizona.edu,Male,163.173.202.60
953,Sandor,McPeake,smcpeakeqg@nasa.gov,Male,64.171.124.240
954,Cross,Willmore,cwillmoreqh@theglobeandmail.com,Male,37.198.159.149
955,Sherry,Clopton,scloptonqi@example.com,Female,139.101.77.253
956,Alard,Eilhersen,aeilhersenqj@bloomberg.com,Male,83.130.107.189
957,Yvor,Jenkison,yjenkisonqk@meetup.com,Male,43.153.13.66
958,Randie,Braham,rbrahamql@sohu.com,Female,52.162.64.176
959,Romain,Ghost,rghostqm@reference.com,Male,64.158.25.197
960,Chelsie,Slight,cslightqn@tripadvisor.com,Female,102.52.53.46
961,Claudian,Banbrick,cbanbrickqo@wsj.com,Male,141.33.178.59
962,Audrey,Tocque,atocqueqp@about.me,Female,67.208.141.243
963,Skippie,Thornewell,sthornewellqq@purevolume.com,Male,134.11.72.145
964,Lauryn,Brockington,lbrockingtonqr@sogou.com,Female,195.154.156.92
965,Arlee,Cockerton,acockertonqs@gov.uk,Female,35.172.226.59
966,Chiarra,Soldan,csoldanqt@unesco.org,Female,90.210.181.61
967,Silvia,Stollenbeck,sstollenbeckqu@myspace.com,Female,3.212.79.19
968,Chet,Casone,ccasoneqv@cam.ac.uk,Male,234.46.55.218
969,Rubetta,MacFadyen,rmacfadyenqw@yolasite.com,Female,67.222.162.193
970,Slade,Nares,snaresqx@163.com,Male,147.246.242.37
971,Talbot,Pentelo,tpenteloqy@businessinsider.com,Male,155.135.141.16
972,Aurore,Bremeyer,abremeyerqz@goo.gl,Female,188.15.93.172
973,Ethelbert,Carnoghan,ecarnoghanr0@nsw.gov.au,Male,127.133.163.219
974,Filbert,Bricklebank,fbricklebankr1@dailymail.co.uk,Male,61.86.21.126
975,Darci,Nalder,dnalderr2@amazon.co.jp,Female,193.168.98.107
976,Randee,Avon,ravonr3@cpanel.net,Female,18.107.205.159
977,Sibby,Ginn,sginnr4@loc.gov,Female,3.86.27.136
978,Wallache,Cordingley,wcordingleyr5@nyu.edu,Male,101.150.99.187
979,Kinny,Wadforth,kwadforthr6@pcworld.com,Male,244.9.108.253
980,Katerina,Cauderlie,kcauderlier7@nih.gov,Female,102.202.248.226
981,Brice,Sherston,bsherstonr8@g.co,Male,119.210.224.254
982,Phillipe,Hens,phensr9@scientificamerican.com,Male,245.10.4.28
983,Joy,Standon,jstandonra@altervista.org,Female,72.4.87.99
984,Franni,Troop,ftrooprb@howstuffworks.com,Female,252.42.224.42
985,Rosmunda,Gogarty,rgogartyrc@reddit.com,Female,115.149.17.203
986,Antonie,Maciocia,amaciociard@ucsd.edu,Female,47.192.183.43
987,Portie,Finkle,pfinklere@theguardian.com,Male,109.44.54.116
988,Jerrine,Warrender,jwarrenderrf@devhub.com,Female,89.56.55.58
989,Terry,Bartaletti,tbartalettirg@arizona.edu,Male,7.88.185.25
990,Naomi,MacColm,nmaccolmrh@domainmarket.com,Female,146.22.73.198
991,Jewelle,Ascrofte,jascrofteri@goo.gl,Female,254.244.190.156
992,Abagael,Logsdale,alogsdalerj@chicagotribune.com,Female,115.0.140.133
993,Rhoda,Silkstone,rsilkstonerk@hud.gov,Female,117.119.189.250
994,Nonah,Tellenbrok,ntellenbrokrl@pinterest.com,Female,129.199.109.227
995,Atalanta,Folks,afolksrm@pcworld.com,Female,65.48.138.245
996,Angus,Durran,adurranrn@answers.com,Male,192.129.41.17
997,Giffy,Mealiffe,gmealiffero@bravesites.com,Male,101.64.99.125
998,Madeleine,Fowles,mfowlesrp@dropbox.com,Female,213.221.25.195
999,Ronda,Saffle,rsafflerq@smugmug.com,Female,138.25.187.73
1000,Linda,Lawerence,llawerencerr@nature.com,Female,205.94.162.91
